Accesion 	Hits	Gene.name
P02647	45	APOA1_HUMAN
P06727	45	APOA4_HUMAN
O14791	45	APOL1_HUMAN
P02656	44	APOC3_HUMAN
P02649	44	APOE_HUMAN
P02652	43	APOA2_HUMAN
P02654	43	APOC1_HUMAN
P01009	42	A1AT_HUMAN
P02655	42	APOC2_HUMAN
O95445	42	APOM_HUMAN
P27169	42	PON1_HUMAN
P02765	40	FETUA_HUMAN
P10909	40	CLUS_HUMAN
P35542	40	SAA4_HUMAN
P04114	39	APOB_HUMAN
P01024	39	CO3_HUMAN
P0DJI8/P0DJI9	39	SAA1/SAA2_HUMAN
P02768	38	ALBU_HUMAN
P05090	37	APOD_HUMAN
P00739	37	HPTR_HUMAN
P02787	37	TRFE_HUMAN
P02766	37	TTHY_HUMAN
Q13790	35	APOF_HUMAN
P02671	35	FIBA_HUMAN
P02774	34	VTDB_HUMAN
P02749	33	APOH_HUMAN
P02760	33	AMBP_HUMAN
P00738	32	HPT_HUMAN
P04004	32	VTNC_HUMAN
P55058	31	PLTP_HUMAN
P01019	30	ANGT_HUMAN
P0C0L5	30	CO4B_HUMAN
Q14624	29	ITIH4_HUMAN
P55056	28	APOC4_HUMAN
P68871	28	HBB_HUMAN
P02790	28	HEMO_HUMAN
P01876	28	IGHA1_HUMAN
P01834	28	IGKC_HUMAN
P01023	27	A2MG_HUMAN
P08519	27	LPA_HUMAN
P69905	27	HBA_HUMAN
P00734	27	THRB_HUMAN
P0C0L4	26	CO4A_HUMAN
P02748	26	CO9_HUMAN
P01042	26	KNG1_HUMAN
P02753	26	RET4_HUMAN
Q15166	26	PON3_HUMAN
P19652	25	ORM2_HUMAN
P01011	25	AACT_HUMAN
P04217	25	A1BG_HUMAN
P08697	24	A2AP_HUMAN
P01008	24	ANT3_HUMAN
P02675	24	FIBB_HUMAN
P04180	24	LCAT_HUMAN
P05155	24	IC1_HUMAN
P01857	23	IGHG1_HUMAN
Q9UHG3	23	PCYOX_HUMAN
P80108	22	PHLD_HUMAN
P02679	21	FIBG_HUMAN
P05546	21	HEP2_HUMAN
P01871	21	IGHM_HUMAN
P19823	21	ITIH2_HUMAN
P36955	21	PEDF_HUMAN
P02763	20	ORM1_HUMAN
P04003	20	C4BPA_HUMAN
P02775	20	CXCL7_HUMAN
P11597	19	CETP_HUMAN
P06396	19	GELS_HUMAN
P01859	19	IGHG2_HUMAN
P08603	18	CFAH_HUMAN
P02751	18	FINC_HUMAN
P19827	18	ITIH1_HUMAN
P00747	18	PLMN_HUMAN
P00751	17	CFAB_HUMAN
P04196	17	HRG_HUMAN
P18428	17	LBP_HUMAN
P02276	17	PLF4_HUMAN
P07988	17	PSPB_HUMAN
P43652	16	AFAM_HUMAN
P00450	16	CERU_HUMAN
P61769	15	B2MG_HUMAN
P49913	15	CAMP_HUMAN
P09871	15	C1S_HUMAN
P03952	14	KLKB1_HUMAN
P25311	14	ZA2G_HUMAN
P60709	13	ACTB_HUMAN
P58335	13	ANTXR2_HUMAN
P29622	13	KAIN_HUMAN
Q96PD5	13	PGRP2_HUMAN
Q96KN2	12	CNDP1_HUMAN
P00736	12	C1R_HUMAN
P81605	12	DCD_HUMAN
P01860	12	IGHG3_HUMAN
P0DOY2	12	IGLC2_HUMAN
P01619	12	KV330_HUMAN
P01877	11	IGHA2_HUMAN
Q14623	11	IHH_HUMAN
P35858	11	ALS_HUMAN
P51884	11	LUM_HUMAN
Q9UK55	11	ZPI_HUMAN
Q9H6X2	10	ANTXR1_HUMAN
Q8TDL5	10	BPIFB1_HUMAN
P02746	10	C1QB_HUMAN
P01034	10	CYTC_HUMAN
P80748	10	LV302_HUMAN
P01591	10	IGJ_HUMAN
B9A064	10	IGLL5_HUMAN
P02750	10	A2GL_HUMAN
P14151	10	LYAM1_HUMAN
P05452	10	TETN_HUMAN
P07225	10	PROS_HUMAN
P02747	9	C1QC_HUMAN
P01861	9	IGHG4_HUMAN
P0CG04	9	IGLC1_HUMAN
Q9H8L6	9	MMRN2_HUMAN
P20742	9	PZP_HUMAN
P07737	9	PROF1_HUMAN
Q9BUN1	9	MENT_HUMAN
P02743	9	SAMP_HUMAN
P15144	8	ANPEP_HUMAN
Q6Q788	8	APOA5_HUMAN
P15169	8	CBPN_HUMAN
O43866	8	CD5L_HUMAN
P12259	8	FA5_HUMAN
P00748	8	FA12_HUMAN
P06681	8	CO2_HUMAN
P01031	8	CO5_HUMAN
P07358	8	CO8B_HUMAN
P05156	8	CFAI_HUMAN
P15924	8	DESP_HUMAN
P21333	8	FLNA_HUMAN
P08514	8	ITA2B_HUMAN
P05556	8	ITB1_HUMAN
P61626	8	LYSC_HUMAN
P07602	8	SAP_HUMAN
Q96IY4	7	CBPB2_HUMAN
P07357	7	CO8A_HUMAN
P00746	7	CFAD_HUMAN
P05534	7	HLAA_HUMAN
P06312	7	KV401_HUMAN
Q13093	7	PAFA_HUMAN
Q8NBP7	7	PCSK9_HUMAN
P49908	7	SEPP1_HUMAN
Q9Y490	7	TLN1_HUMAN
P07996	7	TSP1_HUMAN
P02730	6	B3AT_HUMAN
P23280	6	CA6_HUMAN
P16070	6	CD44_HUMAN
P07360	6	CO8G_HUMAN
P23142	6	FBLN1_HUMAN
O75636	6	FCN3_HUMAN
Q08380	6	LG3BP_HUMAN
P04433	6	KV309_HUMAN
P17301	6	ITA2_HUMAN
P05106	6	ITB3_HUMAN
Q06033	6	ITIH3_HUMAN
P13645	6	K1C10_HUMAN
P04264	6	K2C1_HUMAN
P67936	6	TPM4_HUMAN
Q12907	6	LMAN2_HUMAN
P62736	5	ACTA_HUMAN
P14209	5	CD99_HUMAN
P00742	5	FA10_HUMAN
Q03591	5	FHR1_HUMAN
P08185	5	CBG_HUMAN
Q08554	5	DSC1_HUMAN
Q02413	5	DSGl_HUMAN
Q16610	5	ECM1_HUMAN
Q9BYJ0	5	FGFP2_HUMAN
P04406	5	G3P_HUMAN
Q14520	5	HABP2_HUMAN
Q9Y6R7	5	FCGBP_HUMAN
P01700	5	LV147_HUMAN
Q9NX62	5	IMPA3_HUMAN
P14923	5	PLAK_HUMAN
P35527	5	K1C9_HUMAN
P35908	5	K22E_HUMAN
Q13477	5	MADCA_HUMAN
P12273	5	PIP_HUMAN
Q96QR1	5	SG3A1_HUMAN
Q15465	5	SHH_HUMAN
P07477	5	TRY1_HUMAN
P18206	5	VINC_HUMAN
P04275	5	VWF_HUMAN
P63104	4	YWHAZ_HUMAN
P00915	4	CAH1_HUMAN
P00740	4	FA9_HUMAN
P03951	4	FA11_HUMAN
P05160	4	F13B_HUMAN
P02745	4	C1QA_HUMAN
P13671	4	CO6_HUMAN
P10643	4	CO7_HUMAN
Q9BXR6	4	FHR5_HUMAN
Q9HCU0	4	CD248_HUMAN
P27105	4	STOM_HUMAN
Q86UX7	4	URP2_HUMAN
P02724	4	GLPA_HUMAN
Q9NR31	4	SAR1A_HUMAN
P01889	4	HLAB_HUMAN
P01765	4	HV323_HUMAN
A0M8Q6	4	IGLC7_HUMAN
P01777	4	HV323_HUMAN
P01344	4	IGF2_HUMAN
P02538	4	K2C6A_HUMAN
P48740	4	MASP1_HUMAN
P59665	4	DEF1_HUMAN
P32119	4	PRDX2_HUMAN
P43034	4	LIS1_HUMAN
Q6UX71	4	PXDC2_HUMAN
P41222	4	PTGDS_HUMAN
P31151	4	S10A7_HUMAN
P06702	4	S10A9_HUMAN
P61224	4	RAP1B_HUMAN
P62328	4	TYB4_HUMAN
P05543	4	THBG_HUMAN
P10646	4	TFPI1_HUMAN
P12814	3	ACTN1_HUMAN
Q9Y5C1	3	ANGL3_HUMAN
P04083	3	ANXA1_HUMAN
P20851	3	C4BPB_HUMAN
P23528	3	COF1_HUMAN
Q9NZP8	3	C1RL_HUMAN
P36980	3	FHR2_HUMAN
Q12805	3	FBLN3_HUMAN
P68104	3	EF1A1_HUMAN
Q9UNN8	3	EPCR_HUMAN
Q01469	3	FABP5_HUMAN
Q15485	3	FCN2_HUMAN
Q5D862	3	FILA2_HUMAN
Q86YZ3	3	HORN_HUMAN
P01880	3	IGHD_HUMAN
P01593	3	KVD33_HUMAN
P01602	3	KV105_HUMAN
A0N5S9	3	A0N5S9_HUMAN
P01766	3	HV313_HUMAN
A0A0C4DH32	3	HV320_HUMAN
P01597	3	KV139_HUMAN
P55103	3	INHBC_HUMAN
P05107	3	ITB2_HUMAN
P02533	3	K1C14_HUMAN
P08779	3	K1C16_HUMAN
Q7Z794	3	K2C1B_HUMAN
P13647	3	K2C5_HUMAN
Q5T749	3	KPRP_HUMAN
Q5DSM0	3	TRFL_HUMAN
P31025	3	LCN1_HUMAN
P00338	3	LDHA_HUMAN
P26038	3	MOES_HUMAN
P35579	3	MYH9_HUMAN
Q06830	3	PRDX1_HUMAN
Q13835	3	PKP1_HUMAN
P05154	3	IPSP_HUMAN
P14770	3	GPIX_HUMAN
Q8N128	3	F177A_HUMAN
Q92954	3	PRG4_HUMAN
Q96PL1	3	SG3A2_HUMAN
Q86U17	3	SPA11_HUMAN
Q9BX66	3	SRBS1_HUMAN
Q7Z4R8	3	CF120_HUMAN
P49406	2	RM19_HUMAN
P10809	2	CH60_HUMAN
P63261	2	ACTG1_HUMAN
Q86SQ4	2	GP126_HUMAN
P61204	2	ARF3_HUMAN
Q5JQC9	2	AKAP4_HUMAN
O43707	2	ACTN4_HUMAN
P04745	2	AMY1A_HUMAN
P06733	2	ENOA_HUMAN
P07355	2	ANXA2_HUMAN
Q16609	2	LPAL2_HUMAN
P06576	2	ATPB_HUMAN
Q8NE71	2	ABCF1_HUMAN
P33151	2	CADH5_HUMAN
P27824	2	CALX_HUMAN
P13688	2	CEAM1_HUMAN
P31944	2	CASPE_HUMAN
Q9NNX6	2	CD209_HUMAN
P21926	2	CD9_HUMAN
P60953	2	CDC42_HUMAN
P00488	2	F13A_HUMAN
P39060	2	COIA1_HUMAN
Q92496	2	FHR4_HUMAN
P04080	2	CYTB
A8MQ27	2	NEU1B_HUMAN
P11021	2	BIP_HUMAN
O75955	2	FLOT1_HUMAN
P09681	2	GIP_HUMAN
P14136	2	GFAP_HUMAN
P36269	2	GGT5_HUMAN
P11142	2	HSP7C_HUMAN
P04792	2	HSPB1_HUMAN
P07900	2	HS90A_HUMAN
Q04756	2	HGFA_HUMAN
Q29946	2	Q29946_HUMAN
A0A0C4DH29	2	HV103_HUMAN
P01615	2	KV204_HUMAN
P01701	2	LV151_HUMAN
P01717	2	LV325_HUMAN
P0DOY3	2	IGLC3_HUMAN
Q0ZCH4	2	Q0ZCH4_HUMAN
P23083	2	HV102_HUMAN
P01743	2	HV146_HUMAN
P01768	2	HV330_HUMAN
P01780	2	HV307_HUMAN
P06331	2	HV434_HUMAN
P01825	2	HV459_HUMAN
P06310	2	KV230_HUMAN
P01624	2	KV315_HUMAN
Q14974	2	IMB1_HUMAN
P05019	2	IGF1_HUMAN
P08833	2	IBP1_HUMAN
Q01101	2	INSM1_HUMAN
P23229	2	ITA6_HUMAN
P13646	2	K1C13_HUMAN
Q04695	2	K1C17_HUMAN
P04259	2	K2C6B_HUMAN
Q8N1N4	2	K2C78_HUMAN
P60985	2	KTDAP_HUMAN
P21583	2	SCF_HUMAN
P16150	2	LEUK_HUMAN
P07195	2	LDHB_HUMAN
P62937	2	PPIA_HUMAN
O60240	2	PLIN1_HUMAN
P30041	2	PRDX6_HUMAN
P16671	2	CD36_HUMAN
P13224	2	GP1BB_HUMAN
Q9HAU0	2	PKHA5_HUMAN
Q15149	2	PLEC_HUMAN
Q8IUK5	2	PLDX1_HUMAN
O00592	2	PODXL_HUMAN
P0CG47	2	UBB_HUMAN
Q7Z5M8	2	AB12B_HUMAN
O60610	2	DIAP1_HUMAN
P07237	2	PDIA1_HUMAN
P30101	2	PDIA3_HUMAN
Q15084	2	PDIA6_HUMAN
P05109	2	S10A8_HUMAN
P05109	2	S10A8_HUMAN
P14618	2	KPYM_HUMAN
A6NMY6	2	AXA2L_HUMAN
Q8NHM4	2	TRY6_HUMAN
P61026	2	RAB10_HUMAN
Q15907	2	RB11B_HUMAN
P62820	2	RAB1A_HUMAN
Q59EK9	2	RUN3A_HUMAN
Q15413	2	RYR3_HUMAN
P29508	2	SPB3_HUMAN
I3L1J1	2	I3L1J1_HUMAN
Q9H299	2	SH3L3_HUMAN
Q5T750	2	XP32_HUMAN
P11169	2	GTR3_HUMAN
O75533	2	SF3B1_HUMAN
P02808	2	STAT_HUMAN
O00391	2	QSOX1_HUMAN
P82094	2	TMF1_HUMAN
P10599	2	THIO_HUMAN
Q8WZ42	2	TITIN_HUMAN
Q01995	2	TAGL_HUMAN
P37802	2	TAGL2_HUMAN
P60174	2	TPIS_HUMAN
P35030	2	TRY3_HUMAN
P68366	2	TBA4A_HUMAN
P07437	2	TBB5_HUMAN
Q9H4B7	2	TBB1_HUMAN
P04350	2	TBB4A_HUMAN
P41240	2	CSK_HUMAN
P62987	2	RL40_HUMAN
P19320	2	VCAM1_HUMAN
P04070	2	PROC_HUMAN
Q15942	2	ZYX_HUMAN
P31946	1	1433B_HUMAN
P62258	1	1433E_HUMAN
Q04917	1	1433F_HUMAN
P61981	1	1433G_HUMAN
P27348	1	1433T_HUMAN
Q13200	1	PSMD2_HUMAN
O43242	1	PSMD3_HUMAN
P46782	1	RS5_HUMAN
P62081	1	RS7_HUMAN
P13196	1	HEM1_HUMAN
P62829	1	RL23_HUMAN
P39023	1	RL3_HUMAN
P52209	1	6PGD_HUMAN
P08253	1	MMP2_HUMAN
Q8TE57	1	ATS16_HUMAN
P68032	1	ACTC_HUMAN
P63267	1	ACTH_HUMAN
O15145	1	ARPC3_HUMAN
P59998	1	ARPC4_HUMAN
P61158	1	ARP3_HUMAN
O95433	1	AHSA1_HUMAN
P07108	1	ACBP_HUMAN
Q8WXI4	1	ACO11_HUMAN
Q01518	1	CAP1_HUMAN
O60242	1	AGRB3_HUMAN
Q86SQ4	1	AGRG6_HUMAN
P05141	1	ADT2_HUMAN
P61163	1	ACTZ_HUMAN
P37840	1	SYUA_HUMAN
Q02410	1	APBA1_HUMAN
P03950	1	ANGI_HUMAN
P12821	1	ACE_HUMAN
C9JTQ0	1	ANR63_HUMAN
A2NYQ9	1	A2NYQ9_HUMAN
P63010	1	AP2B1_HUMAN
Q0VD83	1	APOBR_HUMAN
Q9BQE5	1	APOL2_HUMAN
Q07812	1	BAX_HUMAN
P05089	1	ARGI1_HUMAN
P25705	1	ATPA_HUMAN
Q9ULI0	1	ATD2B_HUMAN
Q9NP78	1	ABCB9_HUMAN
Q09428	1	ABCC8_HUMAN
Q9NVP1	1	DDX18_HUMAN
Q96TA2	1	YMEL1_HUMAN
P29374	1	ARI4A_HUMAN
O75882	1	ATRN_HUMAN
O75143	1	ATG13_HUMAN
Q9HCS5	1	E41LA_HUMAN
Q9BXK5	1	B2L13_HUMAN
Q562R1	1	ACTBL_HUMAN
Q4L235	1	ACSF4_HUMAN
Q9HBI1	1	PARVB_HUMAN
Q8N3L3	1	TXLNB_HUMAN
P52848	1	NDST1_HUMAN
Q13867	1	BLMH_HUMAN
Q9NP55	1	BPIA1_HUMAN
Q8N4F0	1	BPIB2_HUMAN
P80723	1	BASP1_HUMAN
O95258	1	UCP5_HUMAN
A0M8Q9	1	A0M8Q9_HUMAN
F5GXS0	1	F5GXS0_HUMAN
P12830	1	CADH1_HUMAN
Q9HBT6	1	CAD20_HUMAN
P0DP23	1	CALM1_HUMAN
Q9NZT1	1	CALL5_HUMAN
P04632	1	CPNS1_HUMAN
P07384	1	CAN1_HUMAN
P27797	1	CALR_HUMAN
Q08493	1	PDE4C_HUMAN
P00918	1	CAH2_HUMAN
Q9NQ79	1	CRAC1_HUMAN
O75339	1	CILP1_HUMAN
P04040	1	CATA_HUMAN
P26232	1	CTNA2_HUMAN
P07339	1	CATD_HUMAN
O95810	1	CAVN2_HUMAN
P13987	1	CD59_HUMAN
Q8TCZ2	1	C99L2_HUMAN
Q15642	1	CIP4_HUMAN
E5RHH8	1	E5RHH8_HUMAN
Q9UHD4	1	CIDEB_HUMAN
Q99741	1	CDC6_HUMAN
Q8WUJ3	1	CEMIP_HUMAN
Q8N8E3	1	CE112_HUMAN
I3L4M5	1	I3L4M5_HUMAN
O15078	1	CE290_HUMAN
Q01850	1	CDR2_HUMAN
O00299	1	CLIC1_HUMAN
O14646	1	CHD1_HUMAN
P10645	1	CMGA_HUMAN
Q96G28	1	CFA36_HUMAN
Q9P2M7	1	CING_HUMAN
Q9ULV3	1	CIZ1_HUMAN
Q96DZ9	1	CKLF5_HUMAN
Q16630	1	CPSF6_HUMAN
P01764	1	HV318_HUMAN
O75153	1	CLU_HUMAN
Q11203	1	SIAT6_HUMAN
P08709	1	FA7_HUMAN
Q8WVM7	1	STAG1_HUMAN
Q96EE4	1	CC126_HUMAN
A6NGH7	1	CC160_HUMAN
Q4G0X9	1	CCD40_HUMAN
Q567U6	1	CCD93_HUMAN
A2NB43	1	A2NB43_HUMAN
Q05707	1	COEA1_HUMAN
P39060	1	COIA1_HUMAN
P12111	1	CO6A3_HUMAN
Q02985	1	FHR3_HUMAN
Q9UBG3	1	CRNN_HUMAN
P31146	1	COR1A_HUMAN
Q9ULV4	1	COR1C_HUMAN
P02741	1	CRP_HUMAN
O75596	1	CLEC3A_HUMAN
Q13619	1	CUL4A_HUMAN
Q9NQW8	1	CNGB3_HUMAN
P01040	1	CYTA_HUMAN
Q15828	1	CYTM_HUMAN
P01036	1	CYTS_HUMAN
P09228	1	CYTT_HUMAN
P01037	1	CYTN_HUMAN
Q9H8E8	1	CSR2B_HUMAN
Q14204	1	DYHC1_HUMAN
Q96NX9	1	DACH2_HUMAN
Q96JK2	1	DCAF5_HUMAN
Q96BY6	1	DOC10_HUMAN
Q6E0U4	1	DMKN_HUMAN
Q8TDJ6	1	DMXL2_HUMAN
Q5FWF4	1	ZRAB3_HUMAN
Q92466	1	DDB2_HUMAN
Q9UJA3	1	MCM8_HUMAN
P28340	1	DPOD1_HUMAN
Q2KHR2	1	RFX7_HUMAN
P30876	1	RPB2_HUMAN
P31689	1	DNJA1_HUMAN
E7EVI1	1	E7EVI1_HUMAN
O00429	1	DNM1L_HUMAN
P50570	1	DYN2_HUMAN
Q9P225	1	DNAH2_HUMAN
Q5VTR2	1	BRE1A_HUMAN
O60858	1	TRI13_HUMAN
Q9NQ86	1	TRI36_HUMAN
O75356	1	ENTP5_HUMAN
Q9NZN3	1	EHD3_HUMAN
P13639	1	EF2_HUMAN
P14625	1	ENPL_HUMAN
P54753	1	EPHB3_HUMAN
O60516	1	4EBP3_HUMAN
P63241	1	IF5A1_HUMAN
P08294	1	SODE_HUMAN
P15311	1	EZRI_HUMAN
O15360	1	FANCA_HUMAN
O15287	1	FANCG_HUMAN
Q96CS3	1	FAF2_HUMAN
P49327	1	FAS_HUMAN
P07148	1	FABPL_HUMAN
Q5SYB0	1	FRPD1_HUMAN
Q08830	1	FGL1_HUMAN
Q8TC84	1	FANK1_HUMAN
G3XA98	1	G3XA98_HUMAN
P20930	1	FILA_HUMAN
Q5SZK8	1	FREM2_HUMAN
P04075	1	ALDOA_HUMAN
K7EKU0	1	K7EKU0_HUMAN
P51570	1	GALK1_HUMAN
Q96RP7	1	G3ST4_HUMAN
P22466	1	GALA_HUMAN
P09382	1	LEG1_HUMAN
P47929	1	LEG7_HUMAN
Q3ZCW2	1	LEGL_HUMAN
Q9UN88	1	GBRT_HUMAN
O75223	1	GGCT_HUMAN
Q9HBI0	1	PARVG_HUMAN
P17900	1	SAP3_HUMAN
P42262	1	GRIA2_HUMAN
P48058	1	GRIA4_HUMAN
O76003	1	GLRX3_HUMAN
P19440	1	GGT1_HUMAN
P22352	1	GPX3_HUMAN
P78417	1	GSTO1_HUMAN
P09211	1	GSTP1_HUMAN
P23378	1	GCSP_HUMAN
P41250	1	GARS_HUMAN
Q9H4G4	1	GAPR1_HUMAN
Q9BX93	1	PG12B_HUMAN
Q9BX93	1	PG12B_HUMAN
Q14393	1	GAS6_HUMAN
Q9P0R6	1	GSKIP_HUMAN
P04899	1	GNAI2_HUMAN
P62873	1	GBB1_HUMAN
P16520	1	GBB3_HUMAN
P50148	1	GNAQ_HUMAN
Q02747	1	GUC2A_HUMAN
Q86WZ0	1	HEAT4_HUMAN
P08238	1	HS90B_HUMAN
Q58FF7	1	H90B3_HUMAN
A2NYU7	1	A2NYU7_HUMAN
P09601	1	HMOX1_HUMAN
P02042	1	HBD_HUMAN
P02100	1	HBE_HUMAN
P69891	1	HBG1_HUMAN
P69892	1	HBG2_HUMAN
P02008	1	HBAZ_HUMAN
Q9Y251	1	HPSE_HUMAN
Q32P51	1	RA1L2_HUMAN
P61978	1	HNRPK_HUMAN
Q00839	1	HNRPU_HUMAN
P19367	1	HXK1_HUMAN
Q9GZV3	1	SC5A7_HUMAN
P42357	1	HUTH_HUMAN
P10412	1	H14_HUMAN
O60814	1	H2B1K_HUMAN
Q6NXT2	1	H3C_HUMAN
P62805	1	H4_HUMAN
P10319	1	HLAB_HUMAN
O75144	1	ICOSL_HUMAN
P01715	1	LV301_HUMAN
Q6GMX6	1	Q6GMX6_HUMAN
Q6PIL8	1	Q6PIL8_HUMAN
P0DOX2	1	IGA2_HUMAN
P0DOX5	1	IGG1_HUMAN
Q9NPP6	1	Q9NPP6_HUMAN
P01762	1	HV311_HUMAN
P01772	1	HV333_HUMAN
P01763	1	HV348_HUMAN
P01767	1	HV353_HUMAN
P01782	1	HV309_HUMAN
P01824	1	HV439_HUMAN
P0DOX7	1	IGK_HUMAN
A0A0C4DH73	1	KV112_HUMAN
P0DP09	1	KV113_HUMAN
P04430	1	KV116_HUMAN
P01599	1	KV117_HUMAN
A0A0C4DH69	1	KV109_HUMAN
P01611	1	KVD12_HUMAN
P01613	1	KVD33_HUMAN
P01614	1	KVD40_HUMAN
A0A0C4DH25	1	KVD20_HUMAN
P0CF74	1	IGLC6_HUMAN
P01706	1	LV211_HUMAN
P01705	1	LV223_HUMAN
P01709	1	LV208_HUMAN
P01714	1	LV319_HUMAN
P04211	1	LV743_HUMAN
O15397	1	IPO8_HUMAN
Q70EL1	1	UBP54_HUMAN
Q14571	1	ITPR2_HUMAN
O43314	1	VIP2_HUMAN
P18065	1	IBP2_HUMAN
P22692	1	IBP4_HUMAN
Q9UKX5	1	ITA11_HUMAN
Q13418	1	ILK_HUMAN
P32942	1	ICAM3_HUMAN
P14316	1	IRF2_HUMAN
Q9NPH3	1	IL1AP_HUMAN
Q9UG01	1	IF172_HUMAN
Q6DN90	1	IQEC1_HUMAN
P50213	1	IDH3A_HUMAN
P48735	1	IDHP_HUMAN
Q9Y624	1	JAM1_HUMAN
Q8IYT4	1	KATL2_HUMAN
Q15323	1	K1H1_HUMAN
P08727	1	K1C19_HUMAN
Q7Z3Z0	1	K1C25_HUMAN
Q7Z3Y8	1	K1C27_HUMAN
Q9NSB4	1	KRT82_HUMAN
P48668	1	K2C6C_HUMAN
Q3SY84	1	K2C71_HUMAN
Q14CN4	1	K2C72_HUMAN
Q86Y46	1	K2C73_HUMAN
Q5XKE5	1	K2C79_HUMAN
Q07666	1	KHDR1_HUMAN
Q12840	1	KIF5A_HUMAN
Q8NI77	1	KI18A_HUMAN
Q14807	1	KIF22_HUMAN
Q6ZMV9	1	KIF6_HUMAN
Q9BVG8	1	KIFC3_HUMAN
P25391	1	LAMA1_HUMAN
Q16787	1	LAMA3_HUMAN
Q14766	1	LTBP1_HUMAN
Q14767	1	LTBP2_HUMAN
Q9UFC0	1	LRWD1_HUMAN
A6NI73	1	LIRA5_HUMAN
Q08722	1	CD47_HUMAN
P48059	1	LIMS1_HUMAN
P06858	1	LIPL_HUMAN
Q17RB8	1	LONF1_HUMAN
P23490	1	LORI_HUMAN
Q5SQ64	1	LY66F_HUMAN
P09603	1	CSF1_HUMAN
P40926	1	MDHM_HUMAN
Q9HD20	1	AT131_HUMAN
Q99542	1	MMP19_HUMAN
Q9BRK3	1	MXRA8_HUMAN
O95866	1	G6B_HUMAN
Q14872	1	MTF1_HUMAN
Q9BTE3	1	MCMBP_HUMAN
Q9Y3D6	1	FIS1_HUMAN
P45983	1	MK08_HUMAN
Q9NZB8	1	MOCS1_HUMAN
P08571	1	CD14_HUMAN
Q9NPI6	1	DCP1A_HUMAN
Q9HC84	1	MUC5B_HUMAN
O15439	1	MRP4_HUMAN
Q13201	1	MMRN1_HUMAN
Q5VU43	1	MYOME_HUMAN
P60660	1	MYL6_HUMAN
P19105	1	ML12A_HUMAN
O14950	1	ML12B_HUMAN
P12882	1	MYH1_HUMAN
P35749	1	MYH11_HUMAN
P13533	1	MYH6_HUMAN
Q8NEV4	1	MYO3A_HUMAN
Q9UL88, 94, 73, 90	1	Q9UL88_HUMAN
Q9UL85	1	Q9UL85_HUMAN
P00387	1	NB5R3_HUMAN
O96009	1	NAPSA_HUMAN
Q9H0M0	1	WWP1_HUMAN
O75161	1	NPHP4_HUMAN
Q8WXH0	1	SYNE2_HUMAN
Q9ULJ8	1	NEB1_HUMAN
Q9ULB1	1	NRX1A_HUMAN
P46531	1	NOTC1_HUMAN
Q9UM47	1	NOTC3_HUMAN
H0YJQ1	1	H0YJQ1_HUMAN
Q14697	1	GANAB_HUMAN
P59665;P59666	1	DEF1_HUMAN;DEF3_HUMAN
P59666	1	DEF3_HUMAN
P80188	1	NGAL_HUMAN
Q9Y2I6	1	NINL_HUMAN
Q99784	1	NOE1_HUMAN
O75694	1	NU155_HUMAN
Q9BW27	1	NUP85_HUMAN
Q8N1F7	1	NUP93_HUMAN
O75376	1	NCOR1_HUMAN
Q9NR30	1	DDX21_HUMAN
P19338	1	NUCL_HUMAN
Q9ULW6	1	NP1L2_HUMAN
Q8WVJ2	1	NUDC2_HUMAN
Q9NTK5	1	OLA1_HUMAN
Q99650	1	OSMR_HUMAN
Q9UBM4	1	OPT_HUMAN
P10451	1	OSTP_HUMAN
Q8IXM7	1	OD3L1_HUMAN
Q7RTY7	1	OVCH1_HUMAN
P22059	1	OSBP1_HUMAN
Q9BZF2	1	OSBL7_HUMAN
O15547	1	P2RX6_HUMAN
O95497	1	VNN1_HUMAN
Q5JVF3	1	PCID2_HUMAN
O00151	1	PDLI1_HUMAN
Q63HM2	1	PCX4_HUMAN
Q96Q06	1	PLIN4_HUMAN
Q9BRX8	1	PXL2A_HUMAN
Q15067	1	ACOX1_HUMAN
Q8WY91	1	THAP4_HUMAN
Q9H720	1	PG2IP_HUMAN
Q96S96	1	PEBP4_HUMAN
Q9BTU6	1	P4K2A_HUMAN
O14986	1	PI51B_HUMAN
P00558	1	PGK1_HUMAN
Q15195	1	PLGA_HUMAN
Q02325	1	PLGB_HUMAN
P13796	1	PLSL_HUMAN
P16284	1	PECA1_HUMAN
P07359	1	GP1BA_HUMAN
P16234	1	PGFRA_HUMAN
P08567	1	PLEK_HUMAN
A1L390	1	PKHG3_HUMAN
Q9Y4G2	1	PKHM1_HUMAN
Q6PEZ8	1	PONL1_HUMAN
P01833	1	PIGR_HUMAN
Q92562	1	FIG4_HUMAN
P26599	1	PTBP1_HUMAN
P0CG48	1	UBC_HUMAN
P18054	1	LOX12_HUMAN
Q8TDN1	1	KCNG4_HUMAN
Q9NR82	1	KCNQ5_HUMAN
Q8N7G0	1	PO5F2_HUMAN
O75915	1	PRAF3_HUMAN
P11464	1	PSG1_HUMAN
P02545	1	LMNA_HUMAN
A2PYH4	1	HFM1_HUMAN
Q86SP6	1	GP149_HUMAN
Q8WXW3	1	PIBFl_HUMAN
Q96NZ9	1	PRAP1_HUMAN
Q16378	1	PROL4_HUMAN
Q9UL46	1	PSME2_HUMAN
Q9NSI2	1	F207A_HUMAN
Q9NTX9	1	F217B_HUMAN
Q5JUQ0	1	FA78A_HUMAN
Q9H4H8	1	FA83D_HUMAN
P49354	1	FNTA_HUMAN
Q8N9T8	1	KRI1_HUMAN
Q9H9Z2	1	LN28A_HUMAN
P31949	1	S10AB_HUMAN
Q9HCY8	1	S10AE_HUMAN
P06703	1	S10A6_HUMAN
Q96EA4	1	SPDLY_HUMAN
Q9UPX0	1	TUTLB_HUMAN
Q9Y2Y8	1	PRG3_HUMAN
P12931	1	SRC_HUMAN
O00764	1	PDXK_HUMAN
Q14242	1	SELPL_HUMAN
P00491	1	PNPH_HUMAN
P20848	1	A1ATR_HUMAN
A6NGU5	1	GGT3_HUMAN
Q5VSP4	1	LC1L1_HUMAN
Q96QS0	1	Q96QS0_HUMAN
O60361	1	NDK8_HUMAN
Q92670	1	ZN75C_HUMAN
P50395	1	GDIB_HUMAN
Q9H1K0	1	RBNS5_HUMAN
A6NK89	1	RASFA_HUMAN
O95267	1	GRP1_HUMAN
Q15404	1	RSU1_HUMAN
P63000	1	RAC1_HUMAN
Q9H0U4	1	RAB1B_HUMAN
O00194	1	RB27B_HUMAN
P51148	1	RAB5C_HUMAN
P20340	1	RAB6A_HUMAN
Q9NRW1	1	RAB6B_HUMAN
P51149	1	RAB7A_HUMAN
P62834	1	RAP1A_HUMAN
O14827	1	RGRF2_HUMAN
P23467	1	PTPRB_HUMAN
Q9NZ71	1	RTEL1_HUMAN
Q8IZ40	1	RCOR2_HUMAN
Q9NQC3	1	RTN4_HUMAN
Q99969	1	RARR2_HUMAN
Q8TC12	1	RDH11_HUMAN
Q9HBH5	1	RDH14_HUMAN
Q86TG7	1	PEG10_HUMAN
A2J1M3	1	A2J1M3_HUMAN
A2J1N5	1	A2J1N5_HUMAN
A2J1M8	1	A2J1M8_HUMAN
A2J1N4	1	A2J1N4_HUMAN
A2NW97	1	A2NW97_HUMAN
P52566	1	GDIR2_HUMAN
Q9C0H5	1	RHG39_HUMAN
P08100	1	OPSD_HUMAN
Q8IZC4	1	RTKN2_HUMAN
P34096	1	RNAS4_HUMAN
P13489	1	RINI_HUMAN
Q9P2E9	1	RRBP1_HUMAN
Q96C34	1	RUND1_HUMAN
Q96NL0	1	RUN3B_HUMAN
P21817	1	RYR1_HUMAN
Q92736	1	RYR2_HUMAN
Q9NZJ4	1	SACS_HUMAN
P16615	1	AT2A2_HUMAN
Q93084	1	AT2A3_HUMAN
P0DPB3	1	SCHI1_HUMAN
A2VEC9	1	SSPO_HUMAN
F8WFB2	1	F8WFB2_HUMAN
Q13103	1	SPP24_HUMAN
Q99985	1	SEM3C_HUMAN
Q9NQ38	1	ISK5_HUMAN
Q9BRS2	1	RIOK1_HUMAN
P30153	1	2AAA_HUMAN
Q96P63	1	SPB12_HUMAN
P36952	1	SPB5_HUMAN
P50454	1	SERPH_HUMAN
A6NMB1	1	SIG16_HUMAN
O15389	1	SIGL5_HUMAN
Q5T5P2	1	SKT_HUMAN
Q9HCC1	1	Q9HCC1_HUMAN
P22531;P22532;P35325;P35326;Q9BYE4	1	SPR2E_HUMAN;SPR2D_HUMAN;SPR2B_HUMAN;SPR2A_HUMAN;SPR2G_HUMAN
O75691	1	UTP20_HUMAN
P11166	1	GTR1_HUMAN
P11168	1	GTR2_HUMAN
Q92543	1	SNX19_HUMAN
P09486	1	SPRC_HUMAN
Q14515	1	SPRL1_HUMAN
P11277	1	SPTB1_HUMAN
A6NHP3	1	SPE2B_HUMAN
Q6Q759	1	SPG17_HUMAN
P38646	1	GRP75_HUMAN
Q8NDV3	1	SMC1B_HUMAN
Q9UQE7	1	SMC3_HUMAN
P02814	1	SMR3B_HUMAN
P21912	1	SDHB_HUMAN
Q9UBE0	1	SAE1_HUMAN
Q6UWP8	1	SBSN_HUMAN
Q99536	1	VAT1_HUMAN
P61764	1	STXB1_HUMAN
Q15833	1	STXB2_HUMAN
A0A1B0GX95	1	TVB74_HUMAN
Q86VP1	1	TAXB1_HUMAN
Q4KMP7	1	TB10B_HUMAN
Q9BYX2	1	TBD2A_HUMAN
Q9Y2I9	1	TBC30_HUMAN
Q6ZT07	1	TBCD9_HUMAN
P50991	1	TCPD_HUMAN
P48643	1	TCPE_HUMAN
Q9P273	1	TEN3_HUMAN
P30048	1	PRDX3_HUMAN
Q16762	1	THTR_HUMAN
P24557	1	THAS_HUMAN
P19971	1	TYPH_HUMAN
O95049	1	ZO3_HUMAN
Q9H497	1	TOR3A_HUMAN
Q969N4	1	TAAR8_HUMAN
P20062	1	TCO2_HUMAN
Q02086	1	SP2_HUMAN
P29084	1	T2EB_HUMAN
Q5VWG9	1	TAF3_HUMAN
P02786	1	TFR1_HUMAN
Q9Y4A5	1	TRRAP_HUMAN
Q9BX84	1	TRPM6_HUMAN
P55072	1	TERA_HUMAN
P29401	1	TKT_HUMAN
Q9BZD6	1	TMG4_HUMAN
Q9BYE2	1	TMPSD_HUMAN
A6NML5	1	TM212_HUMAN
Q9BXS4	1	TMM59_HUMAN
Q9Y5L0	1	TNPO3_HUMAN
Q86YW5	1	TRML1_HUMAN
Q3LXA3	1	TKFC_HUMAN
Q9C019	1	TRI15_HUMAN
Q32P41	1	TRM5_HUMAN
P06753	1	TPM3_HUMAN
P19429	1	TNNI3_HUMAN
P07478	1	TRY2_HUMAN
Q71U36	1	TBA1A_HUMAN
P68363	1	TBA1B_HUMAN
Q9BQE3	1	TBA1C_HUMAN
P68371	1	TBB4B_HUMAN
P48023	1	TNFL6_HUMAN
O14798	1	TR10C_HUMAN
Q16825	1	PTN21_HUMAN
P29350	1	PTN6_HUMAN
Q9Y4Z0	1	LSM4_HUMAN
P45974	1	UBP5_HUMAN
P62979	1	RS27A_HUMAN
P22314	1	UBA1_HUMAN
F4MH35	1	F4MH35_HUMAN
Q9NYU2	1	UGGG1_HUMAN
Q9NYU1	1	UGGG2_HUMAN
P16662	1	UD2B7_HUMAN
Q6P387	1	CP046_HUMAN
Q8IV33	1	K0825_HUMAN
P11684	1	UTER_HUMAN
Q9BZF9	1	UACA_HUMAN
Q5NV84	1	Q5NV84_HUMAN
Q5NV63	1	Q5NV63_HUMAN
Q5NV83	1	Q5NV83_HUMAN
P50552	1	VASP_HUMAN
Q9Y509	1	Q9Y509_HUMAN
P08670	1	VIME_HUMAN
P22891	1	PROZ_HUMAN
A2N2G6	1	A2N2G6_HUMAN
Q96PQ0	1	SORC2_HUMAN
O75083	1	WDR1_HUMAN
Q6P2C0	1	WDR93_HUMAN
Q92834	1	RPGR_HUMAN
P13010	1	XRCC5_HUMAN
P12956	1	XRCC6_HUMAN
P52741	1	ZN134_HUMAN
O75362	1	ZN217_HUMAN
Q96H40	1	ZN486_HUMAN
Q8TAW3	1	ZN671_HUMAN
Q92782	1	DPF1_HUMAN
Q96DA0	1	ZG16B_HUMAN
Q9HDC9	0	APMAP_HUMAN